# ************************************************************
# Sequel Pro SQL dump
# Version 4541
#
# http://www.sequelpro.com/
# https://github.com/sequelpro/sequelpro
#
# Host: 127.0.0.1 (MySQL 5.5.5-10.5.9-MariaDB)
# Database: SS_ss-tech-interview
# Generation Time: 2021-04-19 04:28:17 +0000
# ************************************************************


/*!40101 SET @OLD_CHARACTER_SET_CLIENT=@@CHARACTER_SET_CLIENT */;
/*!40101 SET @OLD_CHARACTER_SET_RESULTS=@@CHARACTER_SET_RESULTS */;
/*!40101 SET @OLD_COLLATION_CONNECTION=@@COLLATION_CONNECTION */;
/*!40101 SET NAMES utf8 */;
/*!40014 SET @OLD_FOREIGN_KEY_CHECKS=@@FOREIGN_KEY_CHECKS, FOREIGN_KEY_CHECKS=0 */;
/*!40101 SET @OLD_SQL_MODE=@@SQL_MODE, SQL_MODE='NO_AUTO_VALUE_ON_ZERO' */;
/*!40111 SET @OLD_SQL_NOTES=@@SQL_NOTES, SQL_NOTES=0 */;


# Dump of table ChangeSet
# ------------------------------------------------------------

DROP TABLE IF EXISTS `ChangeSet`;

CREATE TABLE `ChangeSet` (
  `ID` int(11) NOT NULL AUTO_INCREMENT,
  `ClassName` enum('SilverStripe\\Versioned\\ChangeSet') COLLATE utf8mb4_unicode_ci DEFAULT 'SilverStripe\\Versioned\\ChangeSet',
  `LastEdited` datetime DEFAULT NULL,
  `Created` datetime DEFAULT NULL,
  `Name` varchar(255) COLLATE utf8mb4_unicode_ci DEFAULT NULL,
  `State` enum('open','published','reverted') COLLATE utf8mb4_unicode_ci DEFAULT 'open',
  `IsInferred` tinyint(1) unsigned NOT NULL DEFAULT 0,
  `Description` mediumtext COLLATE utf8mb4_unicode_ci DEFAULT NULL,
  `PublishDate` datetime DEFAULT NULL,
  `LastSynced` datetime DEFAULT NULL,
  `OwnerID` int(11) NOT NULL DEFAULT 0,
  `PublisherID` int(11) NOT NULL DEFAULT 0,
  PRIMARY KEY (`ID`),
  KEY `State` (`State`),
  KEY `ID` (`ID`),
  KEY `ClassName` (`ClassName`),
  KEY `OwnerID` (`OwnerID`),
  KEY `PublisherID` (`PublisherID`)
) ENGINE=InnoDB DEFAULT CHARSET=utf8mb4 COLLATE=utf8mb4_unicode_ci;

LOCK TABLES `ChangeSet` WRITE;
/*!40000 ALTER TABLE `ChangeSet` DISABLE KEYS */;

INSERT INTO `ChangeSet` (`ID`, `ClassName`, `LastEdited`, `Created`, `Name`, `State`, `IsInferred`, `Description`, `PublishDate`, `LastSynced`, `OwnerID`, `PublisherID`)
VALUES
	(1,'SilverStripe\\Versioned\\ChangeSet','2021-02-01 11:13:38','2021-02-01 11:13:38','Generated by publish of \'Silverstripe Ltd Technical Interview\' at Feb 1, 2021, 11:13 AM','published',1,NULL,'2021-02-01 11:13:38','2021-02-01 11:13:38',0,1),
	(2,'SilverStripe\\Versioned\\ChangeSet','2021-02-01 11:13:47','2021-02-01 11:13:47','Generated by publish of \'Silverstripe Ltd Technical Interview\' at Feb 1, 2021, 11:13 AM','published',1,NULL,'2021-02-01 11:13:47','2021-02-01 11:13:47',0,1),
	(3,'SilverStripe\\Versioned\\ChangeSet','2021-02-01 11:14:13','2021-02-01 11:14:13','Generated by publish of \'Submit Yourself\' at Feb 1, 2021, 11:14 AM','published',1,NULL,'2021-02-01 11:14:13','2021-02-01 11:14:13',0,1),
	(4,'SilverStripe\\Versioned\\ChangeSet','2021-02-01 11:16:57','2021-02-01 11:16:57','Generated by publish of \'Submit Yourself\' at Feb 1, 2021, 11:16 AM','published',1,NULL,'2021-02-01 11:16:57','2021-02-01 11:16:57',0,1),
	(5,'SilverStripe\\Versioned\\ChangeSet','2021-02-01 12:17:16','2021-02-01 12:17:16','Generated by publish of \'Chester Testington\' at Feb 1, 2021, 12:17 PM','published',1,NULL,'2021-02-01 12:17:16','2021-02-01 12:17:16',0,1),
	(6,'SilverStripe\\Versioned\\ChangeSet','2021-02-01 12:17:58','2021-02-01 12:17:58','Generated by publish of \'Chester Testington\' at Feb 1, 2021, 12:17 PM','published',1,NULL,'2021-02-01 12:17:58','2021-02-01 12:17:58',0,1),
	(7,'SilverStripe\\Versioned\\ChangeSet','2021-04-19 13:31:51','2021-04-19 13:31:51','Generated by publish of \'Home\' at Apr 19, 2021, 1:31 PM','published',1,NULL,'2021-04-19 13:31:51','2021-04-19 13:31:51',0,1),
	(8,'SilverStripe\\Versioned\\ChangeSet','2021-04-19 13:32:05','2021-04-19 13:32:05','Generated by publish of \'Home\' at Apr 19, 2021, 1:32 PM','published',1,NULL,'2021-04-19 13:32:05','2021-04-19 13:32:05',0,1),
	(9,'SilverStripe\\Versioned\\ChangeSet','2021-04-19 13:32:50','2021-04-19 13:32:50','Generated by publish of \'Home\' at Apr 19, 2021, 1:32 PM','published',1,NULL,'2021-04-19 13:32:50','2021-04-19 13:32:50',0,1);

/*!40000 ALTER TABLE `ChangeSet` ENABLE KEYS */;
UNLOCK TABLES;


# Dump of table ChangeSetItem
# ------------------------------------------------------------

DROP TABLE IF EXISTS `ChangeSetItem`;

CREATE TABLE `ChangeSetItem` (
  `ID` int(11) NOT NULL AUTO_INCREMENT,
  `ClassName` enum('SilverStripe\\Versioned\\ChangeSetItem') COLLATE utf8mb4_unicode_ci DEFAULT 'SilverStripe\\Versioned\\ChangeSetItem',
  `LastEdited` datetime DEFAULT NULL,
  `Created` datetime DEFAULT NULL,
  `VersionBefore` int(11) NOT NULL DEFAULT 0,
  `VersionAfter` int(11) NOT NULL DEFAULT 0,
  `Added` enum('explicitly','implicitly') COLLATE utf8mb4_unicode_ci DEFAULT 'implicitly',
  `ChangeSetID` int(11) NOT NULL DEFAULT 0,
  `ObjectID` int(11) NOT NULL DEFAULT 0,
  `ObjectClass` enum('SSTechInterview\\Model\\InterviewCandidate','SilverStripe\\Assets\\File','SilverStripe\\SiteConfig\\SiteConfig','SilverStripe\\Versioned\\ChangeSet','SilverStripe\\Versioned\\ChangeSetItem','SilverStripe\\Assets\\Shortcodes\\FileLink','SilverStripe\\CMS\\Model\\SiteTree','SilverStripe\\CMS\\Model\\SiteTreeLink','SilverStripe\\Security\\Group','SilverStripe\\Security\\LoginAttempt','SilverStripe\\Security\\Member','SilverStripe\\Security\\MemberPassword','SilverStripe\\Security\\Permission','SilverStripe\\Security\\PermissionRole','SilverStripe\\Security\\PermissionRoleCode','SilverStripe\\Security\\RememberLoginHash','SilverStripe\\Assets\\Folder','SilverStripe\\Assets\\Image','Page','SSTechInterview\\Page\\HomePage','SSTechInterview\\Page\\InterviewCandidatePage','SilverStripe\\ErrorPage\\ErrorPage','SilverStripe\\CMS\\Model\\RedirectorPage','SilverStripe\\CMS\\Model\\VirtualPage') COLLATE utf8mb4_unicode_ci DEFAULT 'SSTechInterview\\Model\\InterviewCandidate',
  PRIMARY KEY (`ID`),
  UNIQUE KEY `ObjectUniquePerChangeSet` (`ObjectID`,`ObjectClass`,`ChangeSetID`),
  KEY `ClassName` (`ClassName`),
  KEY `ChangeSetID` (`ChangeSetID`),
  KEY `Object` (`ObjectID`,`ObjectClass`)
) ENGINE=InnoDB DEFAULT CHARSET=utf8mb4 COLLATE=utf8mb4_unicode_ci;

LOCK TABLES `ChangeSetItem` WRITE;
/*!40000 ALTER TABLE `ChangeSetItem` DISABLE KEYS */;

INSERT INTO `ChangeSetItem` (`ID`, `ClassName`, `LastEdited`, `Created`, `VersionBefore`, `VersionAfter`, `Added`, `ChangeSetID`, `ObjectID`, `ObjectClass`)
VALUES
	(1,'SilverStripe\\Versioned\\ChangeSetItem','2021-02-01 11:13:38','2021-02-01 11:13:38',0,0,'explicitly',1,1,'SilverStripe\\SiteConfig\\SiteConfig'),
	(2,'SilverStripe\\Versioned\\ChangeSetItem','2021-02-01 11:13:47','2021-02-01 11:13:47',0,0,'explicitly',2,1,'SilverStripe\\SiteConfig\\SiteConfig'),
	(3,'SilverStripe\\Versioned\\ChangeSetItem','2021-02-01 11:14:13','2021-02-01 11:14:13',0,3,'explicitly',3,6,'SilverStripe\\CMS\\Model\\SiteTree'),
	(4,'SilverStripe\\Versioned\\ChangeSetItem','2021-02-01 11:16:57','2021-02-01 11:16:57',3,6,'explicitly',4,6,'SilverStripe\\CMS\\Model\\SiteTree'),
	(5,'SilverStripe\\Versioned\\ChangeSetItem','2021-02-01 12:17:16','2021-02-01 12:17:16',0,0,'explicitly',5,1,'SSTechInterview\\Model\\InterviewCandidate'),
	(6,'SilverStripe\\Versioned\\ChangeSetItem','2021-02-01 12:17:58','2021-02-01 12:17:58',0,0,'explicitly',6,1,'SSTechInterview\\Model\\InterviewCandidate'),
	(7,'SilverStripe\\Versioned\\ChangeSetItem','2021-02-01 12:17:58','2021-02-01 12:17:58',0,2,'implicitly',6,3,'SilverStripe\\Assets\\File'),
	(8,'SilverStripe\\Versioned\\ChangeSetItem','2021-04-19 13:31:51','2021-04-19 13:31:51',2,4,'explicitly',7,1,'SilverStripe\\CMS\\Model\\SiteTree'),
	(9,'SilverStripe\\Versioned\\ChangeSetItem','2021-04-19 13:32:05','2021-04-19 13:32:05',4,6,'explicitly',8,1,'SilverStripe\\CMS\\Model\\SiteTree'),
	(10,'SilverStripe\\Versioned\\ChangeSetItem','2021-04-19 13:32:50','2021-04-19 13:32:50',6,8,'explicitly',9,1,'SilverStripe\\CMS\\Model\\SiteTree');

/*!40000 ALTER TABLE `ChangeSetItem` ENABLE KEYS */;
UNLOCK TABLES;


# Dump of table ChangeSetItem_ReferencedBy
# ------------------------------------------------------------

DROP TABLE IF EXISTS `ChangeSetItem_ReferencedBy`;

CREATE TABLE `ChangeSetItem_ReferencedBy` (
  `ID` int(11) NOT NULL AUTO_INCREMENT,
  `ChangeSetItemID` int(11) NOT NULL DEFAULT 0,
  `ChildID` int(11) NOT NULL DEFAULT 0,
  PRIMARY KEY (`ID`),
  KEY `ChangeSetItemID` (`ChangeSetItemID`),
  KEY `ChildID` (`ChildID`)
) ENGINE=InnoDB DEFAULT CHARSET=utf8mb4 COLLATE=utf8mb4_unicode_ci;

LOCK TABLES `ChangeSetItem_ReferencedBy` WRITE;
/*!40000 ALTER TABLE `ChangeSetItem_ReferencedBy` DISABLE KEYS */;

INSERT INTO `ChangeSetItem_ReferencedBy` (`ID`, `ChangeSetItemID`, `ChildID`)
VALUES
	(1,7,6);

/*!40000 ALTER TABLE `ChangeSetItem_ReferencedBy` ENABLE KEYS */;
UNLOCK TABLES;


# Dump of table ErrorPage
# ------------------------------------------------------------

DROP TABLE IF EXISTS `ErrorPage`;

CREATE TABLE `ErrorPage` (
  `ID` int(11) NOT NULL AUTO_INCREMENT,
  `ErrorCode` int(11) NOT NULL DEFAULT 0,
  PRIMARY KEY (`ID`)
) ENGINE=InnoDB DEFAULT CHARSET=utf8mb4 COLLATE=utf8mb4_unicode_ci;

LOCK TABLES `ErrorPage` WRITE;
/*!40000 ALTER TABLE `ErrorPage` DISABLE KEYS */;

INSERT INTO `ErrorPage` (`ID`, `ErrorCode`)
VALUES
	(4,404),
	(5,500);

/*!40000 ALTER TABLE `ErrorPage` ENABLE KEYS */;
UNLOCK TABLES;


# Dump of table ErrorPage_Live
# ------------------------------------------------------------

DROP TABLE IF EXISTS `ErrorPage_Live`;

CREATE TABLE `ErrorPage_Live` (
  `ID` int(11) NOT NULL AUTO_INCREMENT,
  `ErrorCode` int(11) NOT NULL DEFAULT 0,
  PRIMARY KEY (`ID`)
) ENGINE=InnoDB DEFAULT CHARSET=utf8mb4 COLLATE=utf8mb4_unicode_ci;

LOCK TABLES `ErrorPage_Live` WRITE;
/*!40000 ALTER TABLE `ErrorPage_Live` DISABLE KEYS */;

INSERT INTO `ErrorPage_Live` (`ID`, `ErrorCode`)
VALUES
	(4,404),
	(5,500);

/*!40000 ALTER TABLE `ErrorPage_Live` ENABLE KEYS */;
UNLOCK TABLES;


# Dump of table ErrorPage_Versions
# ------------------------------------------------------------

DROP TABLE IF EXISTS `ErrorPage_Versions`;

CREATE TABLE `ErrorPage_Versions` (
  `ID` int(11) NOT NULL AUTO_INCREMENT,
  `RecordID` int(11) NOT NULL DEFAULT 0,
  `Version` int(11) NOT NULL DEFAULT 0,
  `ErrorCode` int(11) NOT NULL DEFAULT 0,
  PRIMARY KEY (`ID`),
  UNIQUE KEY `RecordID_Version` (`RecordID`,`Version`),
  KEY `RecordID` (`RecordID`),
  KEY `Version` (`Version`)
) ENGINE=InnoDB DEFAULT CHARSET=utf8mb4 COLLATE=utf8mb4_unicode_ci;

LOCK TABLES `ErrorPage_Versions` WRITE;
/*!40000 ALTER TABLE `ErrorPage_Versions` DISABLE KEYS */;

INSERT INTO `ErrorPage_Versions` (`ID`, `RecordID`, `Version`, `ErrorCode`)
VALUES
	(1,4,1,404),
	(2,4,2,404),
	(3,5,1,500),
	(4,5,2,500);

/*!40000 ALTER TABLE `ErrorPage_Versions` ENABLE KEYS */;
UNLOCK TABLES;


# Dump of table File
# ------------------------------------------------------------

DROP TABLE IF EXISTS `File`;

CREATE TABLE `File` (
  `ID` int(11) NOT NULL AUTO_INCREMENT,
  `ClassName` enum('SilverStripe\\Assets\\File','SilverStripe\\Assets\\Folder','SilverStripe\\Assets\\Image') COLLATE utf8mb4_unicode_ci DEFAULT 'SilverStripe\\Assets\\File',
  `LastEdited` datetime DEFAULT NULL,
  `Created` datetime DEFAULT NULL,
  `Version` int(11) NOT NULL DEFAULT 0,
  `CanViewType` enum('Anyone','LoggedInUsers','OnlyTheseUsers','Inherit') COLLATE utf8mb4_unicode_ci DEFAULT 'Inherit',
  `CanEditType` enum('LoggedInUsers','OnlyTheseUsers','Inherit') COLLATE utf8mb4_unicode_ci DEFAULT 'Inherit',
  `Name` varchar(255) COLLATE utf8mb4_unicode_ci DEFAULT NULL,
  `Title` varchar(255) COLLATE utf8mb4_unicode_ci DEFAULT NULL,
  `ShowInSearch` tinyint(1) unsigned NOT NULL DEFAULT 1,
  `ParentID` int(11) NOT NULL DEFAULT 0,
  `OwnerID` int(11) NOT NULL DEFAULT 0,
  `FileHash` varchar(255) COLLATE utf8mb4_unicode_ci DEFAULT NULL,
  `FileFilename` varchar(255) COLLATE utf8mb4_unicode_ci DEFAULT NULL,
  `FileVariant` varchar(255) COLLATE utf8mb4_unicode_ci DEFAULT NULL,
  PRIMARY KEY (`ID`),
  KEY `Name` (`Name`),
  KEY `ClassName` (`ClassName`),
  KEY `ParentID` (`ParentID`),
  KEY `OwnerID` (`OwnerID`),
  KEY `FileHash` (`FileHash`)
) ENGINE=InnoDB DEFAULT CHARSET=utf8mb4 COLLATE=utf8mb4_unicode_ci;

LOCK TABLES `File` WRITE;
/*!40000 ALTER TABLE `File` DISABLE KEYS */;

INSERT INTO `File` (`ID`, `ClassName`, `LastEdited`, `Created`, `Version`, `CanViewType`, `CanEditType`, `Name`, `Title`, `ShowInSearch`, `ParentID`, `OwnerID`, `FileHash`, `FileFilename`, `FileVariant`)
VALUES
	(1,'SilverStripe\\Assets\\Folder','2021-02-01 12:10:16','2021-02-01 12:10:16',1,'Inherit','Inherit','Uploads','Uploads',1,0,1,NULL,NULL,NULL),
	(3,'SilverStripe\\Assets\\File','2021-02-01 12:17:58','2021-02-01 12:17:12',2,'Inherit','Inherit','TestPDFfile.pdf','TestPDFfile',1,1,1,'6b13f435601e80419e4e4a8db7c1b3dc3b89bd59','Uploads/TestPDFfile.pdf',NULL);

/*!40000 ALTER TABLE `File` ENABLE KEYS */;
UNLOCK TABLES;


# Dump of table File_EditorGroups
# ------------------------------------------------------------

DROP TABLE IF EXISTS `File_EditorGroups`;

CREATE TABLE `File_EditorGroups` (
  `ID` int(11) NOT NULL AUTO_INCREMENT,
  `FileID` int(11) NOT NULL DEFAULT 0,
  `GroupID` int(11) NOT NULL DEFAULT 0,
  PRIMARY KEY (`ID`),
  KEY `FileID` (`FileID`),
  KEY `GroupID` (`GroupID`)
) ENGINE=InnoDB DEFAULT CHARSET=utf8mb4 COLLATE=utf8mb4_unicode_ci;



# Dump of table File_Live
# ------------------------------------------------------------

DROP TABLE IF EXISTS `File_Live`;

CREATE TABLE `File_Live` (
  `ID` int(11) NOT NULL AUTO_INCREMENT,
  `ClassName` enum('SilverStripe\\Assets\\File','SilverStripe\\Assets\\Folder','SilverStripe\\Assets\\Image') COLLATE utf8mb4_unicode_ci DEFAULT 'SilverStripe\\Assets\\File',
  `LastEdited` datetime DEFAULT NULL,
  `Created` datetime DEFAULT NULL,
  `Version` int(11) NOT NULL DEFAULT 0,
  `CanViewType` enum('Anyone','LoggedInUsers','OnlyTheseUsers','Inherit') COLLATE utf8mb4_unicode_ci DEFAULT 'Inherit',
  `CanEditType` enum('LoggedInUsers','OnlyTheseUsers','Inherit') COLLATE utf8mb4_unicode_ci DEFAULT 'Inherit',
  `Name` varchar(255) COLLATE utf8mb4_unicode_ci DEFAULT NULL,
  `Title` varchar(255) COLLATE utf8mb4_unicode_ci DEFAULT NULL,
  `ShowInSearch` tinyint(1) unsigned NOT NULL DEFAULT 1,
  `ParentID` int(11) NOT NULL DEFAULT 0,
  `OwnerID` int(11) NOT NULL DEFAULT 0,
  `FileHash` varchar(255) COLLATE utf8mb4_unicode_ci DEFAULT NULL,
  `FileFilename` varchar(255) COLLATE utf8mb4_unicode_ci DEFAULT NULL,
  `FileVariant` varchar(255) COLLATE utf8mb4_unicode_ci DEFAULT NULL,
  PRIMARY KEY (`ID`),
  KEY `Name` (`Name`),
  KEY `ClassName` (`ClassName`),
  KEY `ParentID` (`ParentID`),
  KEY `OwnerID` (`OwnerID`),
  KEY `FileHash` (`FileHash`)
) ENGINE=InnoDB DEFAULT CHARSET=utf8mb4 COLLATE=utf8mb4_unicode_ci;

LOCK TABLES `File_Live` WRITE;
/*!40000 ALTER TABLE `File_Live` DISABLE KEYS */;

INSERT INTO `File_Live` (`ID`, `ClassName`, `LastEdited`, `Created`, `Version`, `CanViewType`, `CanEditType`, `Name`, `Title`, `ShowInSearch`, `ParentID`, `OwnerID`, `FileHash`, `FileFilename`, `FileVariant`)
VALUES
	(1,'SilverStripe\\Assets\\Folder','2021-02-01 12:10:16','2021-02-01 12:10:16',1,'Inherit','Inherit','Uploads','Uploads',1,0,1,NULL,NULL,NULL),
	(3,'SilverStripe\\Assets\\File','2021-02-01 12:17:58','2021-02-01 12:17:12',2,'Inherit','Inherit','TestPDFfile.pdf','TestPDFfile',1,1,1,'6b13f435601e80419e4e4a8db7c1b3dc3b89bd59','Uploads/TestPDFfile.pdf',NULL);

/*!40000 ALTER TABLE `File_Live` ENABLE KEYS */;
UNLOCK TABLES;


# Dump of table File_Versions
# ------------------------------------------------------------

DROP TABLE IF EXISTS `File_Versions`;

CREATE TABLE `File_Versions` (
  `ID` int(11) NOT NULL AUTO_INCREMENT,
  `RecordID` int(11) NOT NULL DEFAULT 0,
  `Version` int(11) NOT NULL DEFAULT 0,
  `WasPublished` tinyint(1) unsigned NOT NULL DEFAULT 0,
  `WasDeleted` tinyint(1) unsigned NOT NULL DEFAULT 0,
  `WasDraft` tinyint(1) unsigned NOT NULL DEFAULT 1,
  `AuthorID` int(11) NOT NULL DEFAULT 0,
  `PublisherID` int(11) NOT NULL DEFAULT 0,
  `ClassName` enum('SilverStripe\\Assets\\File','SilverStripe\\Assets\\Folder','SilverStripe\\Assets\\Image') COLLATE utf8mb4_unicode_ci DEFAULT 'SilverStripe\\Assets\\File',
  `LastEdited` datetime DEFAULT NULL,
  `Created` datetime DEFAULT NULL,
  `CanViewType` enum('Anyone','LoggedInUsers','OnlyTheseUsers','Inherit') COLLATE utf8mb4_unicode_ci DEFAULT 'Inherit',
  `CanEditType` enum('LoggedInUsers','OnlyTheseUsers','Inherit') COLLATE utf8mb4_unicode_ci DEFAULT 'Inherit',
  `Name` varchar(255) COLLATE utf8mb4_unicode_ci DEFAULT NULL,
  `Title` varchar(255) COLLATE utf8mb4_unicode_ci DEFAULT NULL,
  `ShowInSearch` tinyint(1) unsigned NOT NULL DEFAULT 1,
  `ParentID` int(11) NOT NULL DEFAULT 0,
  `OwnerID` int(11) NOT NULL DEFAULT 0,
  `FileHash` varchar(255) COLLATE utf8mb4_unicode_ci DEFAULT NULL,
  `FileFilename` varchar(255) COLLATE utf8mb4_unicode_ci DEFAULT NULL,
  `FileVariant` varchar(255) COLLATE utf8mb4_unicode_ci DEFAULT NULL,
  PRIMARY KEY (`ID`),
  KEY `RecordID_Version` (`RecordID`,`Version`),
  KEY `RecordID` (`RecordID`),
  KEY `Version` (`Version`),
  KEY `AuthorID` (`AuthorID`),
  KEY `PublisherID` (`PublisherID`),
  KEY `Name` (`Name`),
  KEY `ClassName` (`ClassName`),
  KEY `ParentID` (`ParentID`),
  KEY `OwnerID` (`OwnerID`),
  KEY `FileHash` (`FileHash`)
) ENGINE=InnoDB DEFAULT CHARSET=utf8mb4 COLLATE=utf8mb4_unicode_ci;

LOCK TABLES `File_Versions` WRITE;
/*!40000 ALTER TABLE `File_Versions` DISABLE KEYS */;

INSERT INTO `File_Versions` (`ID`, `RecordID`, `Version`, `WasPublished`, `WasDeleted`, `WasDraft`, `AuthorID`, `PublisherID`, `ClassName`, `LastEdited`, `Created`, `CanViewType`, `CanEditType`, `Name`, `Title`, `ShowInSearch`, `ParentID`, `OwnerID`, `FileHash`, `FileFilename`, `FileVariant`)
VALUES
	(1,1,1,1,0,1,1,1,'SilverStripe\\Assets\\Folder','2021-02-01 12:10:16','2021-02-01 12:10:16','Inherit','Inherit','Uploads','Uploads',1,0,1,NULL,NULL,NULL),
	(3,3,1,0,0,1,1,0,'SilverStripe\\Assets\\File','2021-02-01 12:17:12','2021-02-01 12:17:12','Inherit','Inherit','TestPDFfile.pdf','TestPDFfile',1,1,1,'6b13f435601e80419e4e4a8db7c1b3dc3b89bd59','Uploads/TestPDFfile.pdf',NULL),
	(4,3,2,1,0,1,1,1,'SilverStripe\\Assets\\File','2021-02-01 12:17:58','2021-02-01 12:17:12','Inherit','Inherit','TestPDFfile.pdf','TestPDFfile',1,1,1,'6b13f435601e80419e4e4a8db7c1b3dc3b89bd59','Uploads/TestPDFfile.pdf',NULL);

/*!40000 ALTER TABLE `File_Versions` ENABLE KEYS */;
UNLOCK TABLES;


# Dump of table File_ViewerGroups
# ------------------------------------------------------------

DROP TABLE IF EXISTS `File_ViewerGroups`;

CREATE TABLE `File_ViewerGroups` (
  `ID` int(11) NOT NULL AUTO_INCREMENT,
  `FileID` int(11) NOT NULL DEFAULT 0,
  `GroupID` int(11) NOT NULL DEFAULT 0,
  PRIMARY KEY (`ID`),
  KEY `FileID` (`FileID`),
  KEY `GroupID` (`GroupID`)
) ENGINE=InnoDB DEFAULT CHARSET=utf8mb4 COLLATE=utf8mb4_unicode_ci;



# Dump of table FileLink
# ------------------------------------------------------------

DROP TABLE IF EXISTS `FileLink`;

CREATE TABLE `FileLink` (
  `ID` int(11) NOT NULL AUTO_INCREMENT,
  `ClassName` enum('SilverStripe\\Assets\\Shortcodes\\FileLink') COLLATE utf8mb4_unicode_ci DEFAULT 'SilverStripe\\Assets\\Shortcodes\\FileLink',
  `LastEdited` datetime DEFAULT NULL,
  `Created` datetime DEFAULT NULL,
  `LinkedID` int(11) NOT NULL DEFAULT 0,
  `ParentID` int(11) NOT NULL DEFAULT 0,
  `ParentClass` enum('SSTechInterview\\Model\\InterviewCandidate','SilverStripe\\Assets\\File','SilverStripe\\SiteConfig\\SiteConfig','SilverStripe\\Versioned\\ChangeSet','SilverStripe\\Versioned\\ChangeSetItem','SilverStripe\\Assets\\Shortcodes\\FileLink','SilverStripe\\CMS\\Model\\SiteTree','SilverStripe\\CMS\\Model\\SiteTreeLink','SilverStripe\\Security\\Group','SilverStripe\\Security\\LoginAttempt','SilverStripe\\Security\\Member','SilverStripe\\Security\\MemberPassword','SilverStripe\\Security\\Permission','SilverStripe\\Security\\PermissionRole','SilverStripe\\Security\\PermissionRoleCode','SilverStripe\\Security\\RememberLoginHash','SilverStripe\\Assets\\Folder','SilverStripe\\Assets\\Image','Page','SSTechInterview\\Page\\HomePage','SSTechInterview\\Page\\InterviewCandidatePage','SilverStripe\\ErrorPage\\ErrorPage','SilverStripe\\CMS\\Model\\RedirectorPage','SilverStripe\\CMS\\Model\\VirtualPage') COLLATE utf8mb4_unicode_ci DEFAULT 'SSTechInterview\\Model\\InterviewCandidate',
  PRIMARY KEY (`ID`),
  KEY `ClassName` (`ClassName`),
  KEY `LinkedID` (`LinkedID`),
  KEY `Parent` (`ParentID`,`ParentClass`)
) ENGINE=InnoDB DEFAULT CHARSET=utf8mb4 COLLATE=utf8mb4_unicode_ci;



# Dump of table Group
# ------------------------------------------------------------

DROP TABLE IF EXISTS `Group`;

CREATE TABLE `Group` (
  `ID` int(11) NOT NULL AUTO_INCREMENT,
  `ClassName` enum('SilverStripe\\Security\\Group') COLLATE utf8mb4_unicode_ci DEFAULT 'SilverStripe\\Security\\Group',
  `LastEdited` datetime DEFAULT NULL,
  `Created` datetime DEFAULT NULL,
  `Title` varchar(255) COLLATE utf8mb4_unicode_ci DEFAULT NULL,
  `Description` mediumtext COLLATE utf8mb4_unicode_ci DEFAULT NULL,
  `Code` varchar(255) COLLATE utf8mb4_unicode_ci DEFAULT NULL,
  `Locked` tinyint(1) unsigned NOT NULL DEFAULT 0,
  `Sort` int(11) NOT NULL DEFAULT 0,
  `HtmlEditorConfig` mediumtext COLLATE utf8mb4_unicode_ci DEFAULT NULL,
  `ParentID` int(11) NOT NULL DEFAULT 0,
  PRIMARY KEY (`ID`),
  KEY `ClassName` (`ClassName`),
  KEY `ParentID` (`ParentID`)
) ENGINE=InnoDB DEFAULT CHARSET=utf8mb4 COLLATE=utf8mb4_unicode_ci;

LOCK TABLES `Group` WRITE;
/*!40000 ALTER TABLE `Group` DISABLE KEYS */;

INSERT INTO `Group` (`ID`, `ClassName`, `LastEdited`, `Created`, `Title`, `Description`, `Code`, `Locked`, `Sort`, `HtmlEditorConfig`, `ParentID`)
VALUES
	(1,'SilverStripe\\Security\\Group','2021-02-01 10:57:54','2021-02-01 10:57:54','Content Authors',NULL,'content-authors',0,1,NULL,0),
	(2,'SilverStripe\\Security\\Group','2021-02-01 10:57:54','2021-02-01 10:57:54','Administrators',NULL,'administrators',0,0,NULL,0);

/*!40000 ALTER TABLE `Group` ENABLE KEYS */;
UNLOCK TABLES;


# Dump of table Group_Members
# ------------------------------------------------------------

DROP TABLE IF EXISTS `Group_Members`;

CREATE TABLE `Group_Members` (
  `ID` int(11) NOT NULL AUTO_INCREMENT,
  `GroupID` int(11) NOT NULL DEFAULT 0,
  `MemberID` int(11) NOT NULL DEFAULT 0,
  PRIMARY KEY (`ID`),
  KEY `GroupID` (`GroupID`),
  KEY `MemberID` (`MemberID`)
) ENGINE=InnoDB DEFAULT CHARSET=utf8mb4 COLLATE=utf8mb4_unicode_ci;

LOCK TABLES `Group_Members` WRITE;
/*!40000 ALTER TABLE `Group_Members` DISABLE KEYS */;

INSERT INTO `Group_Members` (`ID`, `GroupID`, `MemberID`)
VALUES
	(1,2,1);

/*!40000 ALTER TABLE `Group_Members` ENABLE KEYS */;
UNLOCK TABLES;


# Dump of table Group_Roles
# ------------------------------------------------------------

DROP TABLE IF EXISTS `Group_Roles`;

CREATE TABLE `Group_Roles` (
  `ID` int(11) NOT NULL AUTO_INCREMENT,
  `GroupID` int(11) NOT NULL DEFAULT 0,
  `PermissionRoleID` int(11) NOT NULL DEFAULT 0,
  PRIMARY KEY (`ID`),
  KEY `GroupID` (`GroupID`),
  KEY `PermissionRoleID` (`PermissionRoleID`)
) ENGINE=InnoDB DEFAULT CHARSET=utf8mb4 COLLATE=utf8mb4_unicode_ci;



# Dump of table InterviewCandidate
# ------------------------------------------------------------

DROP TABLE IF EXISTS `InterviewCandidate`;

CREATE TABLE `InterviewCandidate` (
  `ID` int(11) NOT NULL AUTO_INCREMENT,
  `ClassName` enum('SSTechInterview\\Model\\InterviewCandidate') COLLATE utf8mb4_unicode_ci DEFAULT 'SSTechInterview\\Model\\InterviewCandidate',
  `LastEdited` datetime DEFAULT NULL,
  `Created` datetime DEFAULT NULL,
  `Name` varchar(255) COLLATE utf8mb4_unicode_ci DEFAULT NULL,
  `CoverLetter` mediumtext COLLATE utf8mb4_unicode_ci DEFAULT NULL,
  `CVID` int(11) NOT NULL DEFAULT 0,
  PRIMARY KEY (`ID`),
  KEY `ClassName` (`ClassName`),
  KEY `CVID` (`CVID`)
) ENGINE=InnoDB DEFAULT CHARSET=utf8mb4 COLLATE=utf8mb4_unicode_ci;

LOCK TABLES `InterviewCandidate` WRITE;
/*!40000 ALTER TABLE `InterviewCandidate` DISABLE KEYS */;

INSERT INTO `InterviewCandidate` (`ID`, `ClassName`, `LastEdited`, `Created`, `Name`, `CoverLetter`, `CVID`)
VALUES
	(1,'SSTechInterview\\Model\\InterviewCandidate','2021-02-01 12:17:58','2021-02-01 12:10:16','Chester Testington','I\'m a really cool guy and I like turtles and other things of that nature.',3);

/*!40000 ALTER TABLE `InterviewCandidate` ENABLE KEYS */;
UNLOCK TABLES;


# Dump of table LoginAttempt
# ------------------------------------------------------------

DROP TABLE IF EXISTS `LoginAttempt`;

CREATE TABLE `LoginAttempt` (
  `ID` int(11) NOT NULL AUTO_INCREMENT,
  `ClassName` enum('SilverStripe\\Security\\LoginAttempt') COLLATE utf8mb4_unicode_ci DEFAULT 'SilverStripe\\Security\\LoginAttempt',
  `LastEdited` datetime DEFAULT NULL,
  `Created` datetime DEFAULT NULL,
  `Email` varchar(255) COLLATE utf8mb4_unicode_ci DEFAULT NULL,
  `EmailHashed` varchar(255) COLLATE utf8mb4_unicode_ci DEFAULT NULL,
  `Status` enum('Success','Failure') COLLATE utf8mb4_unicode_ci DEFAULT 'Success',
  `IP` varchar(255) COLLATE utf8mb4_unicode_ci DEFAULT NULL,
  `MemberID` int(11) NOT NULL DEFAULT 0,
  PRIMARY KEY (`ID`),
  KEY `ClassName` (`ClassName`),
  KEY `MemberID` (`MemberID`),
  KEY `EmailHashed` (`EmailHashed`)
) ENGINE=InnoDB DEFAULT CHARSET=utf8mb4 COLLATE=utf8mb4_unicode_ci;

LOCK TABLES `LoginAttempt` WRITE;
/*!40000 ALTER TABLE `LoginAttempt` DISABLE KEYS */;

INSERT INTO `LoginAttempt` (`ID`, `ClassName`, `LastEdited`, `Created`, `Email`, `EmailHashed`, `Status`, `IP`, `MemberID`)
VALUES
	(1,'SilverStripe\\Security\\LoginAttempt','2021-02-01 11:12:28','2021-02-01 11:12:28',NULL,'d033e22ae348aeb5660fc2140aec35850c4da997','Success','192.168.33.1',1);

/*!40000 ALTER TABLE `LoginAttempt` ENABLE KEYS */;
UNLOCK TABLES;


# Dump of table Member
# ------------------------------------------------------------

DROP TABLE IF EXISTS `Member`;

CREATE TABLE `Member` (
  `ID` int(11) NOT NULL AUTO_INCREMENT,
  `ClassName` enum('SilverStripe\\Security\\Member') COLLATE utf8mb4_unicode_ci DEFAULT 'SilverStripe\\Security\\Member',
  `LastEdited` datetime DEFAULT NULL,
  `Created` datetime DEFAULT NULL,
  `FirstName` varchar(255) COLLATE utf8mb4_unicode_ci DEFAULT NULL,
  `Surname` varchar(255) COLLATE utf8mb4_unicode_ci DEFAULT NULL,
  `Email` varchar(254) COLLATE utf8mb4_unicode_ci DEFAULT NULL,
  `TempIDHash` varchar(160) COLLATE utf8mb4_unicode_ci DEFAULT NULL,
  `TempIDExpired` datetime DEFAULT NULL,
  `Password` varchar(160) COLLATE utf8mb4_unicode_ci DEFAULT NULL,
  `AutoLoginHash` varchar(160) COLLATE utf8mb4_unicode_ci DEFAULT NULL,
  `AutoLoginExpired` datetime DEFAULT NULL,
  `PasswordEncryption` varchar(50) COLLATE utf8mb4_unicode_ci DEFAULT NULL,
  `Salt` varchar(50) COLLATE utf8mb4_unicode_ci DEFAULT NULL,
  `PasswordExpiry` date DEFAULT NULL,
  `LockedOutUntil` datetime DEFAULT NULL,
  `Locale` varchar(6) COLLATE utf8mb4_unicode_ci DEFAULT NULL,
  `FailedLoginCount` int(11) NOT NULL DEFAULT 0,
  PRIMARY KEY (`ID`),
  KEY `Surname` (`Surname`),
  KEY `FirstName` (`FirstName`),
  KEY `ClassName` (`ClassName`),
  KEY `Email` (`Email`)
) ENGINE=InnoDB DEFAULT CHARSET=utf8mb4 COLLATE=utf8mb4_unicode_ci;

LOCK TABLES `Member` WRITE;
/*!40000 ALTER TABLE `Member` DISABLE KEYS */;

INSERT INTO `Member` (`ID`, `ClassName`, `LastEdited`, `Created`, `FirstName`, `Surname`, `Email`, `TempIDHash`, `TempIDExpired`, `Password`, `AutoLoginHash`, `AutoLoginExpired`, `PasswordEncryption`, `Salt`, `PasswordExpiry`, `LockedOutUntil`, `Locale`, `FailedLoginCount`)
VALUES
	(1,'SilverStripe\\Security\\Member','2021-02-01 11:12:28','2021-02-01 10:57:54','Default Admin',NULL,'admin','7b4b4fa499be2e1ae2a45e59ccae0f203b6cf7da','2021-02-04 11:12:28',NULL,NULL,NULL,'none',NULL,NULL,NULL,'en_US',0);

/*!40000 ALTER TABLE `Member` ENABLE KEYS */;
UNLOCK TABLES;


# Dump of table MemberPassword
# ------------------------------------------------------------

DROP TABLE IF EXISTS `MemberPassword`;

CREATE TABLE `MemberPassword` (
  `ID` int(11) NOT NULL AUTO_INCREMENT,
  `ClassName` enum('SilverStripe\\Security\\MemberPassword') COLLATE utf8mb4_unicode_ci DEFAULT 'SilverStripe\\Security\\MemberPassword',
  `LastEdited` datetime DEFAULT NULL,
  `Created` datetime DEFAULT NULL,
  `Password` varchar(160) COLLATE utf8mb4_unicode_ci DEFAULT NULL,
  `Salt` varchar(50) COLLATE utf8mb4_unicode_ci DEFAULT NULL,
  `PasswordEncryption` varchar(50) COLLATE utf8mb4_unicode_ci DEFAULT NULL,
  `MemberID` int(11) NOT NULL DEFAULT 0,
  PRIMARY KEY (`ID`),
  KEY `ClassName` (`ClassName`),
  KEY `MemberID` (`MemberID`)
) ENGINE=InnoDB DEFAULT CHARSET=utf8mb4 COLLATE=utf8mb4_unicode_ci;

LOCK TABLES `MemberPassword` WRITE;
/*!40000 ALTER TABLE `MemberPassword` DISABLE KEYS */;

INSERT INTO `MemberPassword` (`ID`, `ClassName`, `LastEdited`, `Created`, `Password`, `Salt`, `PasswordEncryption`, `MemberID`)
VALUES
	(1,'SilverStripe\\Security\\MemberPassword','2021-02-01 10:57:54','2021-02-01 10:57:54',NULL,NULL,'none',1);

/*!40000 ALTER TABLE `MemberPassword` ENABLE KEYS */;
UNLOCK TABLES;


# Dump of table Permission
# ------------------------------------------------------------

DROP TABLE IF EXISTS `Permission`;

CREATE TABLE `Permission` (
  `ID` int(11) NOT NULL AUTO_INCREMENT,
  `ClassName` enum('SilverStripe\\Security\\Permission') COLLATE utf8mb4_unicode_ci DEFAULT 'SilverStripe\\Security\\Permission',
  `LastEdited` datetime DEFAULT NULL,
  `Created` datetime DEFAULT NULL,
  `Code` varchar(255) COLLATE utf8mb4_unicode_ci DEFAULT NULL,
  `Arg` int(11) NOT NULL DEFAULT 0,
  `Type` int(11) NOT NULL DEFAULT 1,
  `GroupID` int(11) NOT NULL DEFAULT 0,
  PRIMARY KEY (`ID`),
  KEY `ClassName` (`ClassName`),
  KEY `GroupID` (`GroupID`),
  KEY `Code` (`Code`)
) ENGINE=InnoDB DEFAULT CHARSET=utf8mb4 COLLATE=utf8mb4_unicode_ci;

LOCK TABLES `Permission` WRITE;
/*!40000 ALTER TABLE `Permission` DISABLE KEYS */;

INSERT INTO `Permission` (`ID`, `ClassName`, `LastEdited`, `Created`, `Code`, `Arg`, `Type`, `GroupID`)
VALUES
	(1,'SilverStripe\\Security\\Permission','2021-02-01 10:57:54','2021-02-01 10:57:54','CMS_ACCESS_CMSMain',0,1,1),
	(2,'SilverStripe\\Security\\Permission','2021-02-01 10:57:54','2021-02-01 10:57:54','CMS_ACCESS_AssetAdmin',0,1,1),
	(3,'SilverStripe\\Security\\Permission','2021-02-01 10:57:54','2021-02-01 10:57:54','CMS_ACCESS_ReportAdmin',0,1,1),
	(4,'SilverStripe\\Security\\Permission','2021-02-01 10:57:54','2021-02-01 10:57:54','SITETREE_REORGANISE',0,1,1),
	(5,'SilverStripe\\Security\\Permission','2021-02-01 10:57:54','2021-02-01 10:57:54','ADMIN',0,1,2);

/*!40000 ALTER TABLE `Permission` ENABLE KEYS */;
UNLOCK TABLES;


# Dump of table PermissionRole
# ------------------------------------------------------------

DROP TABLE IF EXISTS `PermissionRole`;

CREATE TABLE `PermissionRole` (
  `ID` int(11) NOT NULL AUTO_INCREMENT,
  `ClassName` enum('SilverStripe\\Security\\PermissionRole') COLLATE utf8mb4_unicode_ci DEFAULT 'SilverStripe\\Security\\PermissionRole',
  `LastEdited` datetime DEFAULT NULL,
  `Created` datetime DEFAULT NULL,
  `Title` varchar(255) COLLATE utf8mb4_unicode_ci DEFAULT NULL,
  `OnlyAdminCanApply` tinyint(1) unsigned NOT NULL DEFAULT 0,
  PRIMARY KEY (`ID`),
  KEY `Title` (`Title`),
  KEY `ClassName` (`ClassName`)
) ENGINE=InnoDB DEFAULT CHARSET=utf8mb4 COLLATE=utf8mb4_unicode_ci;



# Dump of table PermissionRoleCode
# ------------------------------------------------------------

DROP TABLE IF EXISTS `PermissionRoleCode`;

CREATE TABLE `PermissionRoleCode` (
  `ID` int(11) NOT NULL AUTO_INCREMENT,
  `ClassName` enum('SilverStripe\\Security\\PermissionRoleCode') COLLATE utf8mb4_unicode_ci DEFAULT 'SilverStripe\\Security\\PermissionRoleCode',
  `LastEdited` datetime DEFAULT NULL,
  `Created` datetime DEFAULT NULL,
  `Code` varchar(255) COLLATE utf8mb4_unicode_ci DEFAULT NULL,
  `RoleID` int(11) NOT NULL DEFAULT 0,
  PRIMARY KEY (`ID`),
  KEY `ClassName` (`ClassName`),
  KEY `RoleID` (`RoleID`)
) ENGINE=InnoDB DEFAULT CHARSET=utf8mb4 COLLATE=utf8mb4_unicode_ci;



# Dump of table RedirectorPage
# ------------------------------------------------------------

DROP TABLE IF EXISTS `RedirectorPage`;

CREATE TABLE `RedirectorPage` (
  `ID` int(11) NOT NULL AUTO_INCREMENT,
  `RedirectionType` enum('Internal','External') COLLATE utf8mb4_unicode_ci DEFAULT 'Internal',
  `ExternalURL` varchar(2083) COLLATE utf8mb4_unicode_ci DEFAULT NULL,
  `LinkToID` int(11) NOT NULL DEFAULT 0,
  PRIMARY KEY (`ID`),
  KEY `LinkToID` (`LinkToID`)
) ENGINE=InnoDB DEFAULT CHARSET=utf8mb4 COLLATE=utf8mb4_unicode_ci;



# Dump of table RedirectorPage_Live
# ------------------------------------------------------------

DROP TABLE IF EXISTS `RedirectorPage_Live`;

CREATE TABLE `RedirectorPage_Live` (
  `ID` int(11) NOT NULL AUTO_INCREMENT,
  `RedirectionType` enum('Internal','External') COLLATE utf8mb4_unicode_ci DEFAULT 'Internal',
  `ExternalURL` varchar(2083) COLLATE utf8mb4_unicode_ci DEFAULT NULL,
  `LinkToID` int(11) NOT NULL DEFAULT 0,
  PRIMARY KEY (`ID`),
  KEY `LinkToID` (`LinkToID`)
) ENGINE=InnoDB DEFAULT CHARSET=utf8mb4 COLLATE=utf8mb4_unicode_ci;



# Dump of table RedirectorPage_Versions
# ------------------------------------------------------------

DROP TABLE IF EXISTS `RedirectorPage_Versions`;

CREATE TABLE `RedirectorPage_Versions` (
  `ID` int(11) NOT NULL AUTO_INCREMENT,
  `RecordID` int(11) NOT NULL DEFAULT 0,
  `Version` int(11) NOT NULL DEFAULT 0,
  `RedirectionType` enum('Internal','External') COLLATE utf8mb4_unicode_ci DEFAULT 'Internal',
  `ExternalURL` varchar(2083) COLLATE utf8mb4_unicode_ci DEFAULT NULL,
  `LinkToID` int(11) NOT NULL DEFAULT 0,
  PRIMARY KEY (`ID`),
  UNIQUE KEY `RecordID_Version` (`RecordID`,`Version`),
  KEY `RecordID` (`RecordID`),
  KEY `Version` (`Version`),
  KEY `LinkToID` (`LinkToID`)
) ENGINE=InnoDB DEFAULT CHARSET=utf8mb4 COLLATE=utf8mb4_unicode_ci;



# Dump of table RememberLoginHash
# ------------------------------------------------------------

DROP TABLE IF EXISTS `RememberLoginHash`;

CREATE TABLE `RememberLoginHash` (
  `ID` int(11) NOT NULL AUTO_INCREMENT,
  `ClassName` enum('SilverStripe\\Security\\RememberLoginHash') COLLATE utf8mb4_unicode_ci DEFAULT 'SilverStripe\\Security\\RememberLoginHash',
  `LastEdited` datetime DEFAULT NULL,
  `Created` datetime DEFAULT NULL,
  `DeviceID` varchar(40) COLLATE utf8mb4_unicode_ci DEFAULT NULL,
  `Hash` varchar(160) COLLATE utf8mb4_unicode_ci DEFAULT NULL,
  `ExpiryDate` datetime DEFAULT NULL,
  `MemberID` int(11) NOT NULL DEFAULT 0,
  PRIMARY KEY (`ID`),
  KEY `ClassName` (`ClassName`),
  KEY `MemberID` (`MemberID`),
  KEY `DeviceID` (`DeviceID`),
  KEY `Hash` (`Hash`)
) ENGINE=InnoDB DEFAULT CHARSET=utf8mb4 COLLATE=utf8mb4_unicode_ci;



# Dump of table SiteConfig
# ------------------------------------------------------------

DROP TABLE IF EXISTS `SiteConfig`;

CREATE TABLE `SiteConfig` (
  `ID` int(11) NOT NULL AUTO_INCREMENT,
  `ClassName` enum('SilverStripe\\SiteConfig\\SiteConfig') COLLATE utf8mb4_unicode_ci DEFAULT 'SilverStripe\\SiteConfig\\SiteConfig',
  `LastEdited` datetime DEFAULT NULL,
  `Created` datetime DEFAULT NULL,
  `Title` varchar(255) COLLATE utf8mb4_unicode_ci DEFAULT NULL,
  `Tagline` varchar(255) COLLATE utf8mb4_unicode_ci DEFAULT NULL,
  `CanViewType` enum('Anyone','LoggedInUsers','OnlyTheseUsers') COLLATE utf8mb4_unicode_ci DEFAULT 'Anyone',
  `CanEditType` enum('LoggedInUsers','OnlyTheseUsers') COLLATE utf8mb4_unicode_ci DEFAULT 'LoggedInUsers',
  `CanCreateTopLevelType` enum('LoggedInUsers','OnlyTheseUsers') COLLATE utf8mb4_unicode_ci DEFAULT 'LoggedInUsers',
  PRIMARY KEY (`ID`),
  KEY `ClassName` (`ClassName`)
) ENGINE=InnoDB DEFAULT CHARSET=utf8mb4 COLLATE=utf8mb4_unicode_ci;

LOCK TABLES `SiteConfig` WRITE;
/*!40000 ALTER TABLE `SiteConfig` DISABLE KEYS */;

INSERT INTO `SiteConfig` (`ID`, `ClassName`, `LastEdited`, `Created`, `Title`, `Tagline`, `CanViewType`, `CanEditType`, `CanCreateTopLevelType`)
VALUES
	(1,'SilverStripe\\SiteConfig\\SiteConfig','2021-02-01 11:13:47','2021-02-01 10:57:54','Silverstripe Ltd Technical Interview',NULL,'Anyone','LoggedInUsers','LoggedInUsers');

/*!40000 ALTER TABLE `SiteConfig` ENABLE KEYS */;
UNLOCK TABLES;


# Dump of table SiteConfig_CreateTopLevelGroups
# ------------------------------------------------------------

DROP TABLE IF EXISTS `SiteConfig_CreateTopLevelGroups`;

CREATE TABLE `SiteConfig_CreateTopLevelGroups` (
  `ID` int(11) NOT NULL AUTO_INCREMENT,
  `SiteConfigID` int(11) NOT NULL DEFAULT 0,
  `GroupID` int(11) NOT NULL DEFAULT 0,
  PRIMARY KEY (`ID`),
  KEY `SiteConfigID` (`SiteConfigID`),
  KEY `GroupID` (`GroupID`)
) ENGINE=InnoDB DEFAULT CHARSET=utf8mb4 COLLATE=utf8mb4_unicode_ci;



# Dump of table SiteConfig_EditorGroups
# ------------------------------------------------------------

DROP TABLE IF EXISTS `SiteConfig_EditorGroups`;

CREATE TABLE `SiteConfig_EditorGroups` (
  `ID` int(11) NOT NULL AUTO_INCREMENT,
  `SiteConfigID` int(11) NOT NULL DEFAULT 0,
  `GroupID` int(11) NOT NULL DEFAULT 0,
  PRIMARY KEY (`ID`),
  KEY `SiteConfigID` (`SiteConfigID`),
  KEY `GroupID` (`GroupID`)
) ENGINE=InnoDB DEFAULT CHARSET=utf8mb4 COLLATE=utf8mb4_unicode_ci;



# Dump of table SiteConfig_ViewerGroups
# ------------------------------------------------------------

DROP TABLE IF EXISTS `SiteConfig_ViewerGroups`;

CREATE TABLE `SiteConfig_ViewerGroups` (
  `ID` int(11) NOT NULL AUTO_INCREMENT,
  `SiteConfigID` int(11) NOT NULL DEFAULT 0,
  `GroupID` int(11) NOT NULL DEFAULT 0,
  PRIMARY KEY (`ID`),
  KEY `SiteConfigID` (`SiteConfigID`),
  KEY `GroupID` (`GroupID`)
) ENGINE=InnoDB DEFAULT CHARSET=utf8mb4 COLLATE=utf8mb4_unicode_ci;



# Dump of table SiteTree
# ------------------------------------------------------------

DROP TABLE IF EXISTS `SiteTree`;

CREATE TABLE `SiteTree` (
  `ID` int(11) NOT NULL AUTO_INCREMENT,
  `ClassName` enum('SilverStripe\\CMS\\Model\\SiteTree','Page','SSTechInterview\\Page\\HomePage','SSTechInterview\\Page\\InterviewCandidatePage','SilverStripe\\ErrorPage\\ErrorPage','SilverStripe\\CMS\\Model\\RedirectorPage','SilverStripe\\CMS\\Model\\VirtualPage') COLLATE utf8mb4_unicode_ci DEFAULT 'Page',
  `LastEdited` datetime DEFAULT NULL,
  `Created` datetime DEFAULT NULL,
  `CanViewType` enum('Anyone','LoggedInUsers','OnlyTheseUsers','Inherit') COLLATE utf8mb4_unicode_ci DEFAULT 'Inherit',
  `CanEditType` enum('LoggedInUsers','OnlyTheseUsers','Inherit') COLLATE utf8mb4_unicode_ci DEFAULT 'Inherit',
  `Version` int(11) NOT NULL DEFAULT 0,
  `URLSegment` varchar(255) COLLATE utf8mb4_unicode_ci DEFAULT NULL,
  `Title` varchar(255) COLLATE utf8mb4_unicode_ci DEFAULT NULL,
  `MenuTitle` varchar(100) COLLATE utf8mb4_unicode_ci DEFAULT NULL,
  `Content` mediumtext COLLATE utf8mb4_unicode_ci DEFAULT NULL,
  `MetaDescription` mediumtext COLLATE utf8mb4_unicode_ci DEFAULT NULL,
  `ExtraMeta` mediumtext COLLATE utf8mb4_unicode_ci DEFAULT NULL,
  `ShowInMenus` tinyint(1) unsigned NOT NULL DEFAULT 0,
  `ShowInSearch` tinyint(1) unsigned NOT NULL DEFAULT 0,
  `Sort` int(11) NOT NULL DEFAULT 0,
  `HasBrokenFile` tinyint(1) unsigned NOT NULL DEFAULT 0,
  `HasBrokenLink` tinyint(1) unsigned NOT NULL DEFAULT 0,
  `ReportClass` varchar(255) COLLATE utf8mb4_unicode_ci DEFAULT NULL,
  `ParentID` int(11) NOT NULL DEFAULT 0,
  PRIMARY KEY (`ID`),
  KEY `Sort` (`Sort`),
  KEY `ClassName` (`ClassName`),
  KEY `ParentID` (`ParentID`),
  KEY `URLSegment` (`URLSegment`)
) ENGINE=InnoDB DEFAULT CHARSET=utf8mb4 COLLATE=utf8mb4_unicode_ci;

LOCK TABLES `SiteTree` WRITE;
/*!40000 ALTER TABLE `SiteTree` DISABLE KEYS */;

INSERT INTO `SiteTree` (`ID`, `ClassName`, `LastEdited`, `Created`, `CanViewType`, `CanEditType`, `Version`, `URLSegment`, `Title`, `MenuTitle`, `Content`, `MetaDescription`, `ExtraMeta`, `ShowInMenus`, `ShowInSearch`, `Sort`, `HasBrokenFile`, `HasBrokenLink`, `ReportClass`, `ParentID`)
VALUES
	(1,'SSTechInterview\\Page\\HomePage','2021-04-19 13:32:50','2021-02-01 10:57:54','Inherit','Inherit',8,'home','Home',NULL,'<p>Welcome to SilverStripe! This is the default homepage. You can edit this page by opening <a href=\"admin/\">the CMS</a>.</p><p>You can now access the <a href=\"http://docs.silverstripe.org\">developer documentation</a>, or begin the <a href=\"http://www.silverstripe.org/learn/lessons\">SilverStripe lessons</a>.</p>',NULL,NULL,1,1,1,0,0,NULL,0),
	(2,'Page','2021-02-01 10:57:54','2021-02-01 10:57:54','Inherit','Inherit',2,'about-us','About Us',NULL,'<p>You can fill this page out with your own content, or delete it and create your own pages.</p>',NULL,NULL,1,1,3,0,0,NULL,0),
	(3,'Page','2021-02-01 10:57:54','2021-02-01 10:57:54','Inherit','Inherit',2,'contact-us','Contact Us',NULL,'<p>You can fill this page out with your own content, or delete it and create your own pages.</p>',NULL,NULL,1,1,4,0,0,NULL,0),
	(4,'SilverStripe\\ErrorPage\\ErrorPage','2021-02-01 10:57:54','2021-02-01 10:57:54','Inherit','Inherit',2,'page-not-found','Page not found',NULL,'<p>Sorry, it seems you were trying to access a page that doesn\'t exist.</p><p>Please check the spelling of the URL you were trying to access and try again.</p>',NULL,NULL,0,0,5,0,0,NULL,0),
	(5,'SilverStripe\\ErrorPage\\ErrorPage','2021-02-01 10:57:54','2021-02-01 10:57:54','Inherit','Inherit',2,'server-error','Server error',NULL,'<p>Sorry, there was a problem with handling your request.</p>',NULL,NULL,0,0,6,0,0,NULL,0),
	(6,'SSTechInterview\\Page\\InterviewCandidatePage','2021-02-01 11:16:57','2021-02-01 11:14:01','Inherit','Inherit',6,'submit-yourself','Submit Yourself',NULL,'<p>Please fill in the below form to submit your details and apply for the role!</p>',NULL,NULL,1,1,2,0,0,NULL,0);

/*!40000 ALTER TABLE `SiteTree` ENABLE KEYS */;
UNLOCK TABLES;


# Dump of table SiteTree_EditorGroups
# ------------------------------------------------------------

DROP TABLE IF EXISTS `SiteTree_EditorGroups`;

CREATE TABLE `SiteTree_EditorGroups` (
  `ID` int(11) NOT NULL AUTO_INCREMENT,
  `SiteTreeID` int(11) NOT NULL DEFAULT 0,
  `GroupID` int(11) NOT NULL DEFAULT 0,
  PRIMARY KEY (`ID`),
  KEY `SiteTreeID` (`SiteTreeID`),
  KEY `GroupID` (`GroupID`)
) ENGINE=InnoDB DEFAULT CHARSET=utf8mb4 COLLATE=utf8mb4_unicode_ci;



# Dump of table SiteTree_Live
# ------------------------------------------------------------

DROP TABLE IF EXISTS `SiteTree_Live`;

CREATE TABLE `SiteTree_Live` (
  `ID` int(11) NOT NULL AUTO_INCREMENT,
  `ClassName` enum('SilverStripe\\CMS\\Model\\SiteTree','Page','SSTechInterview\\Page\\HomePage','SSTechInterview\\Page\\InterviewCandidatePage','SilverStripe\\ErrorPage\\ErrorPage','SilverStripe\\CMS\\Model\\RedirectorPage','SilverStripe\\CMS\\Model\\VirtualPage') COLLATE utf8mb4_unicode_ci DEFAULT 'Page',
  `LastEdited` datetime DEFAULT NULL,
  `Created` datetime DEFAULT NULL,
  `CanViewType` enum('Anyone','LoggedInUsers','OnlyTheseUsers','Inherit') COLLATE utf8mb4_unicode_ci DEFAULT 'Inherit',
  `CanEditType` enum('LoggedInUsers','OnlyTheseUsers','Inherit') COLLATE utf8mb4_unicode_ci DEFAULT 'Inherit',
  `Version` int(11) NOT NULL DEFAULT 0,
  `URLSegment` varchar(255) COLLATE utf8mb4_unicode_ci DEFAULT NULL,
  `Title` varchar(255) COLLATE utf8mb4_unicode_ci DEFAULT NULL,
  `MenuTitle` varchar(100) COLLATE utf8mb4_unicode_ci DEFAULT NULL,
  `Content` mediumtext COLLATE utf8mb4_unicode_ci DEFAULT NULL,
  `MetaDescription` mediumtext COLLATE utf8mb4_unicode_ci DEFAULT NULL,
  `ExtraMeta` mediumtext COLLATE utf8mb4_unicode_ci DEFAULT NULL,
  `ShowInMenus` tinyint(1) unsigned NOT NULL DEFAULT 0,
  `ShowInSearch` tinyint(1) unsigned NOT NULL DEFAULT 0,
  `Sort` int(11) NOT NULL DEFAULT 0,
  `HasBrokenFile` tinyint(1) unsigned NOT NULL DEFAULT 0,
  `HasBrokenLink` tinyint(1) unsigned NOT NULL DEFAULT 0,
  `ReportClass` varchar(255) COLLATE utf8mb4_unicode_ci DEFAULT NULL,
  `ParentID` int(11) NOT NULL DEFAULT 0,
  PRIMARY KEY (`ID`),
  KEY `Sort` (`Sort`),
  KEY `ClassName` (`ClassName`),
  KEY `ParentID` (`ParentID`),
  KEY `URLSegment` (`URLSegment`)
) ENGINE=InnoDB DEFAULT CHARSET=utf8mb4 COLLATE=utf8mb4_unicode_ci;

LOCK TABLES `SiteTree_Live` WRITE;
/*!40000 ALTER TABLE `SiteTree_Live` DISABLE KEYS */;

INSERT INTO `SiteTree_Live` (`ID`, `ClassName`, `LastEdited`, `Created`, `CanViewType`, `CanEditType`, `Version`, `URLSegment`, `Title`, `MenuTitle`, `Content`, `MetaDescription`, `ExtraMeta`, `ShowInMenus`, `ShowInSearch`, `Sort`, `HasBrokenFile`, `HasBrokenLink`, `ReportClass`, `ParentID`)
VALUES
	(1,'SSTechInterview\\Page\\HomePage','2021-04-19 13:32:50','2021-02-01 10:57:54','Inherit','Inherit',8,'home','Home',NULL,'<p>Welcome to SilverStripe! This is the default homepage. You can edit this page by opening <a href=\"admin/\">the CMS</a>.</p><p>You can now access the <a href=\"http://docs.silverstripe.org\">developer documentation</a>, or begin the <a href=\"http://www.silverstripe.org/learn/lessons\">SilverStripe lessons</a>.</p>',NULL,NULL,1,1,1,0,0,NULL,0),
	(2,'Page','2021-02-01 10:57:54','2021-02-01 10:57:54','Inherit','Inherit',2,'about-us','About Us',NULL,'<p>You can fill this page out with your own content, or delete it and create your own pages.</p>',NULL,NULL,1,1,3,0,0,NULL,0),
	(3,'Page','2021-02-01 10:57:54','2021-02-01 10:57:54','Inherit','Inherit',2,'contact-us','Contact Us',NULL,'<p>You can fill this page out with your own content, or delete it and create your own pages.</p>',NULL,NULL,1,1,4,0,0,NULL,0),
	(4,'SilverStripe\\ErrorPage\\ErrorPage','2021-02-01 10:57:54','2021-02-01 10:57:54','Inherit','Inherit',2,'page-not-found','Page not found',NULL,'<p>Sorry, it seems you were trying to access a page that doesn\'t exist.</p><p>Please check the spelling of the URL you were trying to access and try again.</p>',NULL,NULL,0,0,5,0,0,NULL,0),
	(5,'SilverStripe\\ErrorPage\\ErrorPage','2021-02-01 10:57:54','2021-02-01 10:57:54','Inherit','Inherit',2,'server-error','Server error',NULL,'<p>Sorry, there was a problem with handling your request.</p>',NULL,NULL,0,0,6,0,0,NULL,0),
	(6,'SSTechInterview\\Page\\InterviewCandidatePage','2021-02-01 11:16:57','2021-02-01 11:14:01','Inherit','Inherit',6,'submit-yourself','Submit Yourself',NULL,'<p>Please fill in the below form to submit your details and apply for the role!</p>',NULL,NULL,1,1,2,0,0,NULL,0);

/*!40000 ALTER TABLE `SiteTree_Live` ENABLE KEYS */;
UNLOCK TABLES;


# Dump of table SiteTree_Versions
# ------------------------------------------------------------

DROP TABLE IF EXISTS `SiteTree_Versions`;

CREATE TABLE `SiteTree_Versions` (
  `ID` int(11) NOT NULL AUTO_INCREMENT,
  `RecordID` int(11) NOT NULL DEFAULT 0,
  `Version` int(11) NOT NULL DEFAULT 0,
  `WasPublished` tinyint(1) unsigned NOT NULL DEFAULT 0,
  `WasDeleted` tinyint(1) unsigned NOT NULL DEFAULT 0,
  `WasDraft` tinyint(1) unsigned NOT NULL DEFAULT 1,
  `AuthorID` int(11) NOT NULL DEFAULT 0,
  `PublisherID` int(11) NOT NULL DEFAULT 0,
  `ClassName` enum('SilverStripe\\CMS\\Model\\SiteTree','Page','SSTechInterview\\Page\\HomePage','SSTechInterview\\Page\\InterviewCandidatePage','SilverStripe\\ErrorPage\\ErrorPage','SilverStripe\\CMS\\Model\\RedirectorPage','SilverStripe\\CMS\\Model\\VirtualPage','') COLLATE utf8mb4_unicode_ci DEFAULT 'Page',
  `LastEdited` datetime DEFAULT NULL,
  `Created` datetime DEFAULT NULL,
  `CanViewType` enum('Anyone','LoggedInUsers','OnlyTheseUsers','Inherit') COLLATE utf8mb4_unicode_ci DEFAULT 'Inherit',
  `CanEditType` enum('LoggedInUsers','OnlyTheseUsers','Inherit') COLLATE utf8mb4_unicode_ci DEFAULT 'Inherit',
  `URLSegment` varchar(255) COLLATE utf8mb4_unicode_ci DEFAULT NULL,
  `Title` varchar(255) COLLATE utf8mb4_unicode_ci DEFAULT NULL,
  `MenuTitle` varchar(100) COLLATE utf8mb4_unicode_ci DEFAULT NULL,
  `Content` mediumtext COLLATE utf8mb4_unicode_ci DEFAULT NULL,
  `MetaDescription` mediumtext COLLATE utf8mb4_unicode_ci DEFAULT NULL,
  `ExtraMeta` mediumtext COLLATE utf8mb4_unicode_ci DEFAULT NULL,
  `ShowInMenus` tinyint(1) unsigned NOT NULL DEFAULT 0,
  `ShowInSearch` tinyint(1) unsigned NOT NULL DEFAULT 0,
  `Sort` int(11) NOT NULL DEFAULT 0,
  `HasBrokenFile` tinyint(1) unsigned NOT NULL DEFAULT 0,
  `HasBrokenLink` tinyint(1) unsigned NOT NULL DEFAULT 0,
  `ReportClass` varchar(255) COLLATE utf8mb4_unicode_ci DEFAULT NULL,
  `ParentID` int(11) NOT NULL DEFAULT 0,
  PRIMARY KEY (`ID`),
  KEY `RecordID_Version` (`RecordID`,`Version`),
  KEY `RecordID` (`RecordID`),
  KEY `Version` (`Version`),
  KEY `AuthorID` (`AuthorID`),
  KEY `PublisherID` (`PublisherID`),
  KEY `Sort` (`Sort`),
  KEY `ClassName` (`ClassName`),
  KEY `ParentID` (`ParentID`),
  KEY `URLSegment` (`URLSegment`)
) ENGINE=InnoDB DEFAULT CHARSET=utf8mb4 COLLATE=utf8mb4_unicode_ci;

LOCK TABLES `SiteTree_Versions` WRITE;
/*!40000 ALTER TABLE `SiteTree_Versions` DISABLE KEYS */;

INSERT INTO `SiteTree_Versions` (`ID`, `RecordID`, `Version`, `WasPublished`, `WasDeleted`, `WasDraft`, `AuthorID`, `PublisherID`, `ClassName`, `LastEdited`, `Created`, `CanViewType`, `CanEditType`, `URLSegment`, `Title`, `MenuTitle`, `Content`, `MetaDescription`, `ExtraMeta`, `ShowInMenus`, `ShowInSearch`, `Sort`, `HasBrokenFile`, `HasBrokenLink`, `ReportClass`, `ParentID`)
VALUES
	(1,1,1,0,0,1,0,0,'Page','2021-02-01 10:57:54','2021-02-01 10:57:54','Inherit','Inherit','home','Home',NULL,'<p>Welcome to SilverStripe! This is the default homepage. You can edit this page by opening <a href=\"admin/\">the CMS</a>.</p><p>You can now access the <a href=\"http://docs.silverstripe.org\">developer documentation</a>, or begin the <a href=\"http://www.silverstripe.org/learn/lessons\">SilverStripe lessons</a>.</p>',NULL,NULL,1,1,1,0,0,NULL,0),
	(2,1,2,1,0,1,0,0,'Page','2021-02-01 10:57:54','2021-02-01 10:57:54','Inherit','Inherit','home','Home',NULL,'<p>Welcome to SilverStripe! This is the default homepage. You can edit this page by opening <a href=\"admin/\">the CMS</a>.</p><p>You can now access the <a href=\"http://docs.silverstripe.org\">developer documentation</a>, or begin the <a href=\"http://www.silverstripe.org/learn/lessons\">SilverStripe lessons</a>.</p>',NULL,NULL,1,1,1,0,0,NULL,0),
	(3,2,1,0,0,1,0,0,'Page','2021-02-01 10:57:54','2021-02-01 10:57:54','Inherit','Inherit','about-us','About Us',NULL,'<p>You can fill this page out with your own content, or delete it and create your own pages.</p>',NULL,NULL,1,1,2,0,0,NULL,0),
	(4,2,2,1,0,1,0,0,'Page','2021-02-01 10:57:54','2021-02-01 10:57:54','Inherit','Inherit','about-us','About Us',NULL,'<p>You can fill this page out with your own content, or delete it and create your own pages.</p>',NULL,NULL,1,1,2,0,0,NULL,0),
	(5,3,1,0,0,1,0,0,'Page','2021-02-01 10:57:54','2021-02-01 10:57:54','Inherit','Inherit','contact-us','Contact Us',NULL,'<p>You can fill this page out with your own content, or delete it and create your own pages.</p>',NULL,NULL,1,1,3,0,0,NULL,0),
	(6,3,2,1,0,1,0,0,'Page','2021-02-01 10:57:54','2021-02-01 10:57:54','Inherit','Inherit','contact-us','Contact Us',NULL,'<p>You can fill this page out with your own content, or delete it and create your own pages.</p>',NULL,NULL,1,1,3,0,0,NULL,0),
	(7,4,1,0,0,1,0,0,'SilverStripe\\ErrorPage\\ErrorPage','2021-02-01 10:57:54','2021-02-01 10:57:54','Inherit','Inherit','page-not-found','Page not found',NULL,'<p>Sorry, it seems you were trying to access a page that doesn\'t exist.</p><p>Please check the spelling of the URL you were trying to access and try again.</p>',NULL,NULL,0,0,4,0,0,NULL,0),
	(8,4,2,1,0,1,0,0,'SilverStripe\\ErrorPage\\ErrorPage','2021-02-01 10:57:54','2021-02-01 10:57:54','Inherit','Inherit','page-not-found','Page not found',NULL,'<p>Sorry, it seems you were trying to access a page that doesn\'t exist.</p><p>Please check the spelling of the URL you were trying to access and try again.</p>',NULL,NULL,0,0,4,0,0,NULL,0),
	(9,5,1,0,0,1,0,0,'SilverStripe\\ErrorPage\\ErrorPage','2021-02-01 10:57:54','2021-02-01 10:57:54','Inherit','Inherit','server-error','Server error',NULL,'<p>Sorry, there was a problem with handling your request.</p>',NULL,NULL,0,0,5,0,0,NULL,0),
	(10,5,2,1,0,1,0,0,'SilverStripe\\ErrorPage\\ErrorPage','2021-02-01 10:57:54','2021-02-01 10:57:54','Inherit','Inherit','server-error','Server error',NULL,'<p>Sorry, there was a problem with handling your request.</p>',NULL,NULL,0,0,5,0,0,NULL,0),
	(11,6,1,0,0,1,1,0,'SSTechInterview\\Page\\InterviewCandidatePage','2021-02-01 11:14:01','2021-02-01 11:14:01','Inherit','Inherit','new-interview-candidate-page','New Interview Candidate Page',NULL,NULL,NULL,NULL,1,1,6,0,0,NULL,0),
	(12,6,2,0,0,1,1,0,'SSTechInterview\\Page\\InterviewCandidatePage','2021-02-01 11:14:13','2021-02-01 11:14:01','Inherit','Inherit','submit-yourself','Submit Yourself',NULL,NULL,NULL,NULL,1,1,6,0,0,NULL,0),
	(13,6,3,1,0,1,1,1,'SSTechInterview\\Page\\InterviewCandidatePage','2021-02-01 11:14:13','2021-02-01 11:14:01','Inherit','Inherit','submit-yourself','Submit Yourself',NULL,NULL,NULL,NULL,1,1,6,0,0,NULL,0),
	(14,6,4,0,0,1,1,0,'SSTechInterview\\Page\\InterviewCandidatePage','2021-02-01 11:16:08','2021-02-01 11:14:01','Inherit','Inherit','submit-yourself','Submit Yourself',NULL,NULL,NULL,NULL,1,1,2,0,0,NULL,0),
	(15,6,5,0,0,1,1,0,'SSTechInterview\\Page\\InterviewCandidatePage','2021-02-01 11:16:57','2021-02-01 11:14:01','Inherit','Inherit','submit-yourself','Submit Yourself',NULL,'<p>Please fill in the below form to submit your details and apply for the role!</p>',NULL,NULL,1,1,2,0,0,NULL,0),
	(16,6,6,1,0,1,1,1,'SSTechInterview\\Page\\InterviewCandidatePage','2021-02-01 11:16:57','2021-02-01 11:14:01','Inherit','Inherit','submit-yourself','Submit Yourself',NULL,'<p>Please fill in the below form to submit your details and apply for the role!</p>',NULL,NULL,1,1,2,0,0,NULL,0),
	(17,1,3,0,0,1,1,0,'','2021-04-19 13:31:51','2021-02-01 10:57:54','Inherit','Inherit','home','Home',NULL,'<p>Welcome to SilverStripe! This is the default homepage. You can edit this page by opening <a href=\"admin/\">the CMS</a>.</p><p>You can now access the <a href=\"http://docs.silverstripe.org\">developer documentation</a>, or begin the <a href=\"http://www.silverstripe.org/learn/lessons\">SilverStripe lessons</a>.</p>',NULL,NULL,1,1,1,0,0,NULL,0),
	(18,1,4,1,0,1,1,1,'SilverStripe\\CMS\\Model\\SiteTree','2021-04-19 13:31:51','2021-02-01 10:57:54','Inherit','Inherit','home','Home',NULL,'<p>Welcome to SilverStripe! This is the default homepage. You can edit this page by opening <a href=\"admin/\">the CMS</a>.</p><p>You can now access the <a href=\"http://docs.silverstripe.org\">developer documentation</a>, or begin the <a href=\"http://www.silverstripe.org/learn/lessons\">SilverStripe lessons</a>.</p>',NULL,NULL,1,1,1,0,0,NULL,0),
	(19,1,5,0,0,1,1,0,'','2021-04-19 13:32:05','2021-02-01 10:57:54','Inherit','Inherit','home','Home',NULL,'<p>Welcome to SilverStripe! This is the default homepage. You can edit this page by opening <a href=\"admin/\">the CMS</a>.</p><p>You can now access the <a href=\"http://docs.silverstripe.org\">developer documentation</a>, or begin the <a href=\"http://www.silverstripe.org/learn/lessons\">SilverStripe lessons</a>.</p>',NULL,NULL,1,1,1,0,0,NULL,0),
	(20,1,6,1,0,1,1,1,'SilverStripe\\CMS\\Model\\SiteTree','2021-04-19 13:32:05','2021-02-01 10:57:54','Inherit','Inherit','home','Home',NULL,'<p>Welcome to SilverStripe! This is the default homepage. You can edit this page by opening <a href=\"admin/\">the CMS</a>.</p><p>You can now access the <a href=\"http://docs.silverstripe.org\">developer documentation</a>, or begin the <a href=\"http://www.silverstripe.org/learn/lessons\">SilverStripe lessons</a>.</p>',NULL,NULL,1,1,1,0,0,NULL,0),
	(21,1,7,0,0,1,1,0,'SSTechInterview\\Page\\HomePage','2021-04-19 13:32:50','2021-02-01 10:57:54','Inherit','Inherit','home','Home',NULL,'<p>Welcome to SilverStripe! This is the default homepage. You can edit this page by opening <a href=\"admin/\">the CMS</a>.</p><p>You can now access the <a href=\"http://docs.silverstripe.org\">developer documentation</a>, or begin the <a href=\"http://www.silverstripe.org/learn/lessons\">SilverStripe lessons</a>.</p>',NULL,NULL,1,1,1,0,0,NULL,0),
	(22,1,8,1,0,1,1,1,'SSTechInterview\\Page\\HomePage','2021-04-19 13:32:50','2021-02-01 10:57:54','Inherit','Inherit','home','Home',NULL,'<p>Welcome to SilverStripe! This is the default homepage. You can edit this page by opening <a href=\"admin/\">the CMS</a>.</p><p>You can now access the <a href=\"http://docs.silverstripe.org\">developer documentation</a>, or begin the <a href=\"http://www.silverstripe.org/learn/lessons\">SilverStripe lessons</a>.</p>',NULL,NULL,1,1,1,0,0,NULL,0);

/*!40000 ALTER TABLE `SiteTree_Versions` ENABLE KEYS */;
UNLOCK TABLES;


# Dump of table SiteTree_ViewerGroups
# ------------------------------------------------------------

DROP TABLE IF EXISTS `SiteTree_ViewerGroups`;

CREATE TABLE `SiteTree_ViewerGroups` (
  `ID` int(11) NOT NULL AUTO_INCREMENT,
  `SiteTreeID` int(11) NOT NULL DEFAULT 0,
  `GroupID` int(11) NOT NULL DEFAULT 0,
  PRIMARY KEY (`ID`),
  KEY `SiteTreeID` (`SiteTreeID`),
  KEY `GroupID` (`GroupID`)
) ENGINE=InnoDB DEFAULT CHARSET=utf8mb4 COLLATE=utf8mb4_unicode_ci;



# Dump of table SiteTreeLink
# ------------------------------------------------------------

DROP TABLE IF EXISTS `SiteTreeLink`;

CREATE TABLE `SiteTreeLink` (
  `ID` int(11) NOT NULL AUTO_INCREMENT,
  `ClassName` enum('SilverStripe\\CMS\\Model\\SiteTreeLink') COLLATE utf8mb4_unicode_ci DEFAULT 'SilverStripe\\CMS\\Model\\SiteTreeLink',
  `LastEdited` datetime DEFAULT NULL,
  `Created` datetime DEFAULT NULL,
  `LinkedID` int(11) NOT NULL DEFAULT 0,
  `ParentID` int(11) NOT NULL DEFAULT 0,
  `ParentClass` enum('SSTechInterview\\Model\\InterviewCandidate','SilverStripe\\Assets\\File','SilverStripe\\SiteConfig\\SiteConfig','SilverStripe\\Versioned\\ChangeSet','SilverStripe\\Versioned\\ChangeSetItem','SilverStripe\\Assets\\Shortcodes\\FileLink','SilverStripe\\CMS\\Model\\SiteTree','SilverStripe\\CMS\\Model\\SiteTreeLink','SilverStripe\\Security\\Group','SilverStripe\\Security\\LoginAttempt','SilverStripe\\Security\\Member','SilverStripe\\Security\\MemberPassword','SilverStripe\\Security\\Permission','SilverStripe\\Security\\PermissionRole','SilverStripe\\Security\\PermissionRoleCode','SilverStripe\\Security\\RememberLoginHash','SilverStripe\\Assets\\Folder','SilverStripe\\Assets\\Image','Page','SSTechInterview\\Page\\HomePage','SSTechInterview\\Page\\InterviewCandidatePage','SilverStripe\\ErrorPage\\ErrorPage','SilverStripe\\CMS\\Model\\RedirectorPage','SilverStripe\\CMS\\Model\\VirtualPage') COLLATE utf8mb4_unicode_ci DEFAULT 'SSTechInterview\\Model\\InterviewCandidate',
  PRIMARY KEY (`ID`),
  KEY `ClassName` (`ClassName`),
  KEY `LinkedID` (`LinkedID`),
  KEY `Parent` (`ParentID`,`ParentClass`)
) ENGINE=InnoDB DEFAULT CHARSET=utf8mb4 COLLATE=utf8mb4_unicode_ci;



# Dump of table VirtualPage
# ------------------------------------------------------------

DROP TABLE IF EXISTS `VirtualPage`;

CREATE TABLE `VirtualPage` (
  `ID` int(11) NOT NULL AUTO_INCREMENT,
  `VersionID` int(11) NOT NULL DEFAULT 0,
  `CopyContentFromID` int(11) NOT NULL DEFAULT 0,
  PRIMARY KEY (`ID`),
  KEY `CopyContentFromID` (`CopyContentFromID`)
) ENGINE=InnoDB DEFAULT CHARSET=utf8mb4 COLLATE=utf8mb4_unicode_ci;



# Dump of table VirtualPage_Live
# ------------------------------------------------------------

DROP TABLE IF EXISTS `VirtualPage_Live`;

CREATE TABLE `VirtualPage_Live` (
  `ID` int(11) NOT NULL AUTO_INCREMENT,
  `VersionID` int(11) NOT NULL DEFAULT 0,
  `CopyContentFromID` int(11) NOT NULL DEFAULT 0,
  PRIMARY KEY (`ID`),
  KEY `CopyContentFromID` (`CopyContentFromID`)
) ENGINE=InnoDB DEFAULT CHARSET=utf8mb4 COLLATE=utf8mb4_unicode_ci;



# Dump of table VirtualPage_Versions
# ------------------------------------------------------------

DROP TABLE IF EXISTS `VirtualPage_Versions`;

CREATE TABLE `VirtualPage_Versions` (
  `ID` int(11) NOT NULL AUTO_INCREMENT,
  `RecordID` int(11) NOT NULL DEFAULT 0,
  `Version` int(11) NOT NULL DEFAULT 0,
  `VersionID` int(11) NOT NULL DEFAULT 0,
  `CopyContentFromID` int(11) NOT NULL DEFAULT 0,
  PRIMARY KEY (`ID`),
  UNIQUE KEY `RecordID_Version` (`RecordID`,`Version`),
  KEY `RecordID` (`RecordID`),
  KEY `Version` (`Version`),
  KEY `CopyContentFromID` (`CopyContentFromID`)
) ENGINE=InnoDB DEFAULT CHARSET=utf8mb4 COLLATE=utf8mb4_unicode_ci;




/*!40111 SET SQL_NOTES=@OLD_SQL_NOTES */;
/*!40101 SET SQL_MODE=@OLD_SQL_MODE */;
/*!40014 SET FOREIGN_KEY_CHECKS=@OLD_FOREIGN_KEY_CHECKS */;
/*!40101 SET CHARACTER_SET_CLIENT=@OLD_CHARACTER_SET_CLIENT */;
/*!40101 SET CHARACTER_SET_RESULTS=@OLD_CHARACTER_SET_RESULTS */;
/*!40101 SET COLLATION_CONNECTION=@OLD_COLLATION_CONNECTION */;
